<?xml version="1.0" encoding="UTF-8"?>
<config xmlns="http://www.knime.org/2008/09/XMLConfig" xmlns:xsi="http://www.w3.org/2001/XMLSchema-instance" xsi:schemaLocation="http://www.knime.org/2008/09/XMLConfig http://www.knime.org/XMLConfig_2008_09.xsd" key="model.xml">
<entry key="version" type="xint" value="1"/>
<entry key="class_name" type="xstring" value="org.knime.twitter.api.data.TwitterApiConnectionPortObjectSpec"/>
<config key="model">
<entry key="consumerKey" type="xstring" value="3mCp92z848nJHN7GuacNSDCJy"/>
<entry key="consumerSecret" type="xstring" value="ZOPc2Ic6Lv9JhW9qnOJp5448fw02hWWaNZAzXOENbGDrrEO0Ce"/>
<entry key="accessToken" type="xstring" value="45660717-4Kb3b8vuNKLwalK8s6qpjItBfVMqi0YDRdJH35nD5"/>
<entry key="accessTokenSecret" type="xstring" value="G8s0hQer4JBJ4RGoKg7RIvOxZnGclUHE5rJeh0kfnRwuU"/>
</config>
</config>
