<?xml version="1.0" encoding="UTF-8"?>
<config xmlns="http://www.knime.org/2008/09/XMLConfig" xmlns:xsi="http://www.w3.org/2001/XMLSchema-instance" xsi:schemaLocation="http://www.knime.org/2008/09/XMLConfig http://www.knime.org/XMLConfig_2008_09.xsd" key="model.xml">
<entry key="version" type="xint" value="1"/>
<entry key="class_name" type="xstring" value="org.knime.twitter.api.data.TwitterApiConnectionPortObjectSpec"/>
<config key="model">
<entry key="consumerKey" type="xstring" value="e8ZPomrF1gSHvq9pt6lJcAjDb"/>
<entry key="consumerSecret" type="xstring" value="bmXNJrRBTDCg4qHNgJVEWnsXVMpgZ8oaaTUOCrLJNjs7DDSotn"/>
<entry key="accessToken" type="xstring" value="222870210-xyHehyRPUJnIi1TI2JAXHD71MaoronrToHiKI6x1"/>
<entry key="accessTokenSecret" type="xstring" value="10Uk80vAM4FBKr6kaZ35kkVKJgpk1f4t1HmmqNA1AzRYj"/>
</config>
</config>
